feature,importance_baseline,importance_degraded,importance_delta,abs_importance_delta
M4,0.0972758472758473,0.004028837998303651,-0.09324700927754365,0.09324700927754365
card6,0.08610026931229071,0.006020278833967052,-0.08007999047832366,0.08007999047832366
M5,0.06584179474375333,0.0,-0.06584179474375333,0.06584179474375333
TransactionAmt,0.05022464243875435,-0.003983228511530397,-0.05420787095028475,0.05420787095028475
C13,0.05280181106758349,0.006020278833967052,-0.04678153223361644,0.04678153223361644
C14,0.05149911816578486,0.006020278833967052,-0.04547883933181781,0.04547883933181781
P_emaildomain,0.04253968253968258,0.0020067596113223507,-0.04053292292836023,0.04053292292836023
M6,0.03874396135265704,0.0,-0.03874396135265704,0.03874396135265704
addr1,0.03373794450548495,-0.0019916142557651986,-0.03572955876125015,0.03572955876125015
card5,0.03498491428172801,0.0,-0.03498491428172801,0.03498491428172801
TransactionDT,0.03377382993091271,0.0,-0.03377382993091271,0.03377382993091271
card4,0.03375598438216939,0.0,-0.03375598438216939,0.03375598438216939
card1,0.03125297595858334,-0.0019916142557651986,-0.033244590214348536,0.033244590214348536
card2,0.032499945734826396,0.0,-0.032499945734826396,0.032499945734826396
R_emaildomain,0.03373794450548495,0.0020067596113223507,-0.0317311848941626,0.0317311848941626
D2,0.030014977187924785,0.0,-0.030014977187924785,0.030014977187924785
D1,0.021489096955271385,-0.003983228511530397,-0.025472325466801782,0.025472325466801782
D15,0.023878040424803054,0.0,-0.023878040424803054,0.023878040424803054
DeviceInfo,0.021437257156462792,0.0,-0.021437257156462792,0.021437257156462792
M3,0.016590528591740112,0.0,-0.016590528591740112,0.016590528591740112
dist1,0.015404558435157645,0.0,-0.015404558435157645,0.015404558435157645
M8,0.01538746287743035,0.0,-0.01538746287743035,0.01538746287743035
V294,0.008228404585344795,-0.005974842767295596,-0.014203247352640391,0.014203247352640391
id_30,0.012989833680007353,0.0,-0.012989833680007353,0.012989833680007353
DeviceType,0.0,0.012086513994910952,0.012086513994910952,0.012086513994910952
id_38,0.005872750191143343,-0.005974842767295596,-0.01184759295843894,0.01184759295843894
M9,0.011795270196894117,0.0,-0.011795270196894117,0.011795270196894117
C8,0.0011695906432748575,0.012086513994910952,0.010916923351636095,0.010916923351636095
C12,0.0011695906432748575,0.012086513994910952,0.010916923351636095,0.010916923351636095
id_31,0.004686599126925299,-0.005974842767295596,-0.010661441894220896,0.010661441894220896
D10,0.01063435764988511,0.0,-0.01063435764988511,0.01063435764988511
M7,0.010609119132676073,0.0,-0.010609119132676073,0.010609119132676073
id_02,0.010600706713780883,0.0,-0.010600706713780883,0.010600706713780883
id_20,0.010600706713780883,0.0,-0.010600706713780883,0.010600706713780883
D3,0.0035087719298245723,-0.005974842767295596,-0.009483614697120168,0.009483614697120168
M2,0.00942296806845803,0.0,-0.00942296806845803,0.00942296806845803
V317,0.009414555649562839,0.0,-0.009414555649562839,0.009414555649562839
id_33,0.008228404585344795,0.0,-0.008228404585344795,0.008228404585344795
D4,0.005864426324026025,-0.0019916142557651986,-0.007856040579791224,0.007856040579791224
id_05,0.0011695906432748575,-0.005974842767295596,-0.007144433410570454,0.007144433410570454
V283,0.004703159547868485,-0.0019916142557651986,-0.006694773803633683,0.006694773803633683
C2,0.003517008483650441,0.010064435607929653,0.006547427124279212,0.006547427124279212
V155,0.0,0.006020278833967052,0.006020278833967052,0.006020278833967052
V154,0.0,0.006020278833967052,0.006020278833967052,0.006020278833967052
V253,0.0,0.006020278833967052,0.006020278833967052,0.006020278833967052
V153,0.0,0.006020278833967052,0.006020278833967052,0.006020278833967052
V149,0.0,0.006020278833967052,0.006020278833967052,0.006020278833967052
V148,0.0,0.006020278833967052,0.006020278833967052,0.006020278833967052
V147,0.0,0.006020278833967052,0.006020278833967052,0.006020278833967052
V257,0.0,0.006020278833967052,0.006020278833967052,0.006020278833967052
V258,0.0,0.006020278833967052,0.006020278833967052,0.006020278833967052
V134,0.0,0.006020278833967052,0.006020278833967052,0.006020278833967052
V274,0.0,0.006020278833967052,0.006020278833967052,0.006020278833967052
V275,0.0,0.006020278833967052,0.006020278833967052,0.006020278833967052
V101,0.0,0.006020278833967052,0.006020278833967052,0.006020278833967052
V156,0.0,0.006020278833967052,0.006020278833967052,0.006020278833967052
V244,0.0,0.006020278833967052,0.006020278833967052,0.006020278833967052
C7,0.0,0.006020278833967052,0.006020278833967052,0.006020278833967052
C10,0.0,0.006020278833967052,0.006020278833967052,0.006020278833967052
V212,0.0,0.006020278833967052,0.006020278833967052,0.006020278833967052
V238,0.0,0.006020278833967052,0.006020278833967052,0.006020278833967052
C4,0.0,0.006020278833967052,0.006020278833967052,0.006020278833967052
V233,0.0,0.006020278833967052,0.006020278833967052,0.006020278833967052
V232,0.0,0.006020278833967052,0.006020278833967052,0.006020278833967052
V231,0.0,0.006020278833967052,0.006020278833967052,0.006020278833967052
V189,0.0,0.006020278833967052,0.006020278833967052,0.006020278833967052
V187,0.0,0.006020278833967052,0.006020278833967052,0.006020278833967052
V167,0.0,-0.005974842767295596,-0.005974842767295596,0.005974842767295596
V165,0.0,-0.005974842767295596,-0.005974842767295596,0.005974842767295596
V276,0.0,-0.005974842767295596,-0.005974842767295596,0.005974842767295596
V199,0.0,-0.005974842767295596,-0.005974842767295596,0.005974842767295596
V263,0.0,-0.005974842767295596,-0.005974842767295596,0.005974842767295596
V139,0.0,-0.005974842767295596,-0.005974842767295596,0.005974842767295596
V140,0.0,-0.005974842767295596,-0.005974842767295596,0.005974842767295596
V144,0.0,-0.005974842767295596,-0.005974842767295596,0.005974842767295596
V228,0.0,-0.005974842767295596,-0.005974842767295596,0.005974842767295596
V160,0.0,-0.005974842767295596,-0.005974842767295596,0.005974842767295596
id_29,0.0,-0.005974842767295596,-0.005974842767295596,0.005974842767295596
V157,0.0,-0.005974842767295596,-0.005974842767295596,0.005974842767295596
V80,0.0,-0.005974842767295596,-0.005974842767295596,0.005974842767295596
V236,0.0,-0.005974842767295596,-0.005974842767295596,0.005974842767295596
V152,0.0,-0.005974842767295596,-0.005974842767295596,0.005974842767295596
D13,0.0,-0.005974842767295596,-0.005974842767295596,0.005974842767295596
V158,0.0,-0.005974842767295596,-0.005974842767295596,0.005974842767295596
V66,0.005864426324026025,0.0,-0.005864426324026025,0.005864426324026025
D11,0.005864426324026025,0.0,-0.005864426324026025,0.005864426324026025
V86,0.0035087719298245723,-0.001584283903675543,-0.005093055833500115,0.005093055833500115
id_17,0.0011695906432748575,0.006020278833967052,0.004850688190692194,0.004850688190692194
id_12,0.0011695906432748575,0.006020278833967052,0.004850688190692194,0.004850688190692194
C9,0.004694835680751168,0.0,-0.004694835680751168,0.004694835680751168
V312,0.004686599126925299,0.0,-0.004686599126925299,0.004686599126925299
C5,0.004686599126925299,0.0,-0.004686599126925299,0.004686599126925299
D5,0.004686599126925299,0.0,-0.004686599126925299,0.004686599126925299
V45,0.0,0.004452926208651398,0.004452926208651398,0.004452926208651398
V307,0.002347417840375584,-0.0019916142557651986,-0.0043390320961407824,0.0043390320961407824
V123,0.0,0.004013519222644701,0.004013519222644701,0.004013519222644701
V70,0.0,0.004013519222644701,0.004013519222644701,0.004013519222644701
V52,0.0035087719298245723,0.0,-0.0035087719298245723,0.0035087719298245723
V67,0.0035087719298245723,0.0,-0.0035087719298245723,0.0035087719298245723
V318,0.0035087719298245723,0.0,-0.0035087719298245723,0.0035087719298245723
V56,0.0035087719298245723,0.0,-0.0035087719298245723,0.0035087719298245723
V87,0.0035087719298245723,0.0,-0.0035087719298245723,0.0035087719298245723
V16,0.0035087719298245723,0.0,-0.0035087719298245723,0.0035087719298245723
V33,0.0035087719298245723,0.0,-0.0035087719298245723,0.0035087719298245723
id_11,0.0035087719298245723,0.0,-0.0035087719298245723,0.0035087719298245723
V3,0.0035087719298245723,0.0,-0.0035087719298245723,0.0035087719298245723
id_06,0.0035087719298245723,0.0,-0.0035087719298245723,0.0035087719298245723
id_34,0.0035087719298245723,0.0,-0.0035087719298245723,0.0035087719298245723
id_13,0.0035087719298245723,0.0,-0.0035087719298245723,0.0035087719298245723
card3,0.0035087719298245723,0.006020278833967052,0.00251150690414248,0.00251150690414248
V19,0.002339181286549715,0.0,-0.002339181286549715,0.002339181286549715
V30,0.002339181286549715,0.0,-0.002339181286549715,0.002339181286549715
V75,0.002339181286549715,0.0,-0.002339181286549715,0.002339181286549715
V12,0.002339181286549715,0.0,-0.002339181286549715,0.002339181286549715
V61,0.002339181286549715,0.0,-0.002339181286549715,0.002339181286549715
V25,0.002339181286549715,0.0,-0.002339181286549715,0.002339181286549715
V26,0.002339181286549715,0.0,-0.002339181286549715,0.002339181286549715
C11,0.008228404585344795,0.006020278833967052,-0.002208125751377743,0.002208125751377743
C6,0.0,0.0020067596113223507,0.0020067596113223507,0.0020067596113223507
V135,0.0,0.0020067596113223507,0.0020067596113223507,0.0020067596113223507
C1,0.0070505773882440686,0.009031025256277673,0.001980447868033604,0.001980447868033604
ProductCD,0.003533568904593628,0.0020067596113223507,-0.0015268092932712771,0.0015268092932712771
D8,0.0011695906432748575,0.0,-0.0011695906432748575,0.0011695906432748575
id_15,0.0011695906432748575,0.0,-0.0011695906432748575,0.0011695906432748575
id_14,0.0011695906432748575,0.0,-0.0011695906432748575,0.0011695906432748575
V76,0.0011695906432748575,0.0,-0.0011695906432748575,0.0011695906432748575
M1,0.0011695906432748575,0.0,-0.0011695906432748575,0.0011695906432748575
V310,0.0011695906432748575,0.0,-0.0011695906432748575,0.0011695906432748575
V306,0.0011695906432748575,0.0,-0.0011695906432748575,0.0011695906432748575
id_35,0.0011695906432748575,0.0,-0.0011695906432748575,0.0011695906432748575
V308,0.0011695906432748575,0.0,-0.0011695906432748575,0.0011695906432748575
V250,0.0,0.0,0.0,0.0
id_19,0.0,0.0,0.0,0.0
id_21,0.0,0.0,0.0,0.0
id_22,0.0,0.0,0.0,0.0
V216,0.0,0.0,0.0,0.0
id_23,0.0,0.0,0.0,0.0
V217,0.0,0.0,0.0,0.0
id_24,0.0,0.0,0.0,0.0
id_25,0.0,0.0,0.0,0.0
V249,0.0,0.0,0.0,0.0
V251,0.0,0.0,0.0,0.0
id_16,0.0,0.0,0.0,0.0
V215,0.0,0.0,0.0,0.0
id_18,0.0,0.0,0.0,0.0
V214,0.0,0.0,0.0,0.0
V252,0.0,0.0,0.0,0.0
V248,0.0,0.0,0.0,0.0
V254,0.0,0.0,0.0,0.0
V255,0.0,0.0,0.0,0.0
V256,0.0,0.0,0.0,0.0
V213,0.0,0.0,0.0,0.0
V211,0.0,0.0,0.0,0.0
V210,0.0,0.0,0.0,0.0
V259,0.0,0.0,0.0,0.0
id_26,0.0,0.0,0.0,0.0
V224,0.0,0.0,0.0,0.0
V247,0.0,0.0,0.0,0.0
V246,0.0,0.0,0.0,0.0
id_37,0.0,0.0,0.0,0.0
V226,0.0,0.0,0.0,0.0
V227,0.0,0.0,0.0,0.0
id_36,0.0,0.0,0.0,0.0
V223,0.0,0.0,0.0,0.0
V229,0.0,0.0,0.0,0.0
V230,0.0,0.0,0.0,0.0
V222,0.0,0.0,0.0,0.0
V234,0.0,0.0,0.0,0.0
V235,0.0,0.0,0.0,0.0
id_32,0.0,0.0,0.0,0.0
V237,0.0,0.0,0.0,0.0
V221,0.0,0.0,0.0,0.0
V239,0.0,0.0,0.0,0.0
V220,0.0,0.0,0.0,0.0
V240,0.0,0.0,0.0,0.0
V241,0.0,0.0,0.0,0.0
V242,0.0,0.0,0.0,0.0
V243,0.0,0.0,0.0,0.0
V219,0.0,0.0,0.0,0.0
id_28,0.0,0.0,0.0,0.0
V245,0.0,0.0,0.0,0.0
id_27,0.0,0.0,0.0,0.0
V225,0.0,0.0,0.0,0.0
V218,0.0,0.0,0.0,0.0
V330,0.0,0.0,0.0,0.0
V264,0.0,0.0,0.0,0.0
V260,0.0,0.0,0.0,0.0
V337,0.0,0.0,0.0,0.0
V314,0.0,0.0,0.0,0.0
V313,0.0,0.0,0.0,0.0
V338,0.0,0.0,0.0,0.0
V311,0.0,0.0,0.0,0.0
V309,0.0,0.0,0.0,0.0
V339,0.0,0.0,0.0,0.0
id_01,0.0,0.0,0.0,0.0
V305,0.0,0.0,0.0,0.0
V304,0.0,0.0,0.0,0.0
id_03,0.0,0.0,0.0,0.0
V208,0.0,0.0,0.0,0.0
V303,0.0,0.0,0.0,0.0
V302,0.0,0.0,0.0,0.0
V301,0.0,0.0,0.0,0.0
V300,0.0,0.0,0.0,0.0
V315,0.0,0.0,0.0,0.0
V316,0.0,0.0,0.0,0.0
V261,0.0,0.0,0.0,0.0
V336,0.0,0.0,0.0,0.0
V331,0.0,0.0,0.0,0.0
V328,0.0,0.0,0.0,0.0
V327,0.0,0.0,0.0,0.0
V326,0.0,0.0,0.0,0.0
V332,0.0,0.0,0.0,0.0
V325,0.0,0.0,0.0,0.0
V324,0.0,0.0,0.0,0.0
V323,0.0,0.0,0.0,0.0
V322,0.0,0.0,0.0,0.0
V321,0.0,0.0,0.0,0.0
V320,0.0,0.0,0.0,0.0
V319,0.0,0.0,0.0,0.0
V333,0.0,0.0,0.0,0.0
V334,0.0,0.0,0.0,0.0
V335,0.0,0.0,0.0,0.0
V299,0.0,0.0,0.0,0.0
V298,0.0,0.0,0.0,0.0
V297,0.0,0.0,0.0,0.0
V296,0.0,0.0,0.0,0.0
id_07,0.0,0.0,0.0,0.0
id_08,0.0,0.0,0.0,0.0
V273,0.0,0.0,0.0,0.0
V272,0.0,0.0,0.0,0.0
V271,0.0,0.0,0.0,0.0
V270,0.0,0.0,0.0,0.0
id_09,0.0,0.0,0.0,0.0
V269,0.0,0.0,0.0,0.0
V268,0.0,0.0,0.0,0.0
V267,0.0,0.0,0.0,0.0
V266,0.0,0.0,0.0,0.0
V265,0.0,0.0,0.0,0.0
V329,0.0,0.0,0.0,0.0
id_10,0.0,0.0,0.0,0.0
V262,0.0,0.0,0.0,0.0
V277,0.0,0.0,0.0,0.0
V278,0.0,0.0,0.0,0.0
V279,0.0,0.0,0.0,0.0
V289,0.0,0.0,0.0,0.0
V295,0.0,0.0,0.0,0.0
id_04,0.0,0.0,0.0,0.0
V293,0.0,0.0,0.0,0.0
V292,0.0,0.0,0.0,0.0
V291,0.0,0.0,0.0,0.0
V290,0.0,0.0,0.0,0.0
V288,0.0,0.0,0.0,0.0
V280,0.0,0.0,0.0,0.0
V287,0.0,0.0,0.0,0.0
V286,0.0,0.0,0.0,0.0
V285,0.0,0.0,0.0,0.0
V284,0.0,0.0,0.0,0.0
V282,0.0,0.0,0.0,0.0
V281,0.0,0.0,0.0,0.0
V209,0.0,0.0,0.0,0.0
V173,0.0,0.0,0.0,0.0
V207,0.0,0.0,0.0,0.0
V55,0.0,0.0,0.0,0.0
V65,0.0,0.0,0.0,0.0
V64,0.0,0.0,0.0,0.0
V63,0.0,0.0,0.0,0.0
V62,0.0,0.0,0.0,0.0
V60,0.0,0.0,0.0,0.0
V59,0.0,0.0,0.0,0.0
V58,0.0,0.0,0.0,0.0
V57,0.0,0.0,0.0,0.0
V54,0.0,0.0,0.0,0.0
V42,0.0,0.0,0.0,0.0
V53,0.0,0.0,0.0,0.0
V51,0.0,0.0,0.0,0.0
V50,0.0,0.0,0.0,0.0
V49,0.0,0.0,0.0,0.0
V48,0.0,0.0,0.0,0.0
V47,0.0,0.0,0.0,0.0
V46,0.0,0.0,0.0,0.0
V44,0.0,0.0,0.0,0.0
V68,0.0,0.0,0.0,0.0
V69,0.0,0.0,0.0,0.0
V71,0.0,0.0,0.0,0.0
V72,0.0,0.0,0.0,0.0
V94,0.0,0.0,0.0,0.0
V93,0.0,0.0,0.0,0.0
V92,0.0,0.0,0.0,0.0
V91,0.0,0.0,0.0,0.0
V90,0.0,0.0,0.0,0.0
V89,0.0,0.0,0.0,0.0
V88,0.0,0.0,0.0,0.0
V85,0.0,0.0,0.0,0.0
V84,0.0,0.0,0.0,0.0
V83,0.0,0.0,0.0,0.0
V82,0.0,0.0,0.0,0.0
V81,0.0,0.0,0.0,0.0
V79,0.0,0.0,0.0,0.0
V78,0.0,0.0,0.0,0.0
V77,0.0,0.0,0.0,0.0
V74,0.0,0.0,0.0,0.0
V73,0.0,0.0,0.0,0.0
V43,0.0,0.0,0.0,0.0
V41,0.0,0.0,0.0,0.0
V96,0.0,0.0,0.0,0.0
V2,0.0,0.0,0.0,0.0
V11,0.0,0.0,0.0,0.0
V10,0.0,0.0,0.0,0.0
V9,0.0,0.0,0.0,0.0
V8,0.0,0.0,0.0,0.0
V7,0.0,0.0,0.0,0.0
V6,0.0,0.0,0.0,0.0
V5,0.0,0.0,0.0,0.0
V4,0.0,0.0,0.0,0.0
V1,0.0,0.0,0.0,0.0
V40,0.0,0.0,0.0,0.0
addr2,0.0,0.0,0.0,0.0
dist2,0.0,0.0,0.0,0.0
D14,0.0,0.0,0.0,0.0
D12,0.0,0.0,0.0,0.0
D9,0.0,0.0,0.0,0.0
D7,0.0,0.0,0.0,0.0
D6,0.0,0.0,0.0,0.0
C3,0.0,0.0,0.0,0.0
V13,0.0,0.0,0.0,0.0
V14,0.0,0.0,0.0,0.0
V15,0.0,0.0,0.0,0.0
V17,0.0,0.0,0.0,0.0
V39,0.0,0.0,0.0,0.0
V38,0.0,0.0,0.0,0.0
V37,0.0,0.0,0.0,0.0
V36,0.0,0.0,0.0,0.0
V35,0.0,0.0,0.0,0.0
V34,0.0,0.0,0.0,0.0
V32,0.0,0.0,0.0,0.0
V31,0.0,0.0,0.0,0.0
V29,0.0,0.0,0.0,0.0
V28,0.0,0.0,0.0,0.0
V27,0.0,0.0,0.0,0.0
V24,0.0,0.0,0.0,0.0
V23,0.0,0.0,0.0,0.0
V22,0.0,0.0,0.0,0.0
V21,0.0,0.0,0.0,0.0
V20,0.0,0.0,0.0,0.0
V18,0.0,0.0,0.0,0.0
V95,0.0,0.0,0.0,0.0
V97,0.0,0.0,0.0,0.0
V206,0.0,0.0,0.0,0.0
V172,0.0,0.0,0.0,0.0
V181,0.0,0.0,0.0,0.0
V180,0.0,0.0,0.0,0.0
V179,0.0,0.0,0.0,0.0
V178,0.0,0.0,0.0,0.0
V177,0.0,0.0,0.0,0.0
V176,0.0,0.0,0.0,0.0
V175,0.0,0.0,0.0,0.0
V174,0.0,0.0,0.0,0.0
V171,0.0,0.0,0.0,0.0
V150,0.0,0.0,0.0,0.0
V170,0.0,0.0,0.0,0.0
V169,0.0,0.0,0.0,0.0
V168,0.0,0.0,0.0,0.0
V166,0.0,0.0,0.0,0.0
V163,0.0,0.0,0.0,0.0
V162,0.0,0.0,0.0,0.0
V161,0.0,0.0,0.0,0.0
V159,0.0,0.0,0.0,0.0
V182,0.0,0.0,0.0,0.0
V183,0.0,0.0,0.0,0.0
V184,0.0,0.0,0.0,0.0
V185,0.0,0.0,0.0,0.0
V205,0.0,0.0,0.0,0.0
V204,0.0,0.0,0.0,0.0
V203,0.0,0.0,0.0,0.0
V202,0.0,0.0,0.0,0.0
V201,0.0,0.0,0.0,0.0
V200,0.0,0.0,0.0,0.0
V198,0.0,0.0,0.0,0.0
V197,0.0,0.0,0.0,0.0
V196,0.0,0.0,0.0,0.0
V195,0.0,0.0,0.0,0.0
V194,0.0,0.0,0.0,0.0
V193,0.0,0.0,0.0,0.0
V192,0.0,0.0,0.0,0.0
V191,0.0,0.0,0.0,0.0
V190,0.0,0.0,0.0,0.0
V188,0.0,0.0,0.0,0.0
V186,0.0,0.0,0.0,0.0
V151,0.0,0.0,0.0,0.0
V146,0.0,0.0,0.0,0.0
V98,0.0,0.0,0.0,0.0
V109,0.0,0.0,0.0,0.0
V117,0.0,0.0,0.0,0.0
V116,0.0,0.0,0.0,0.0
V115,0.0,0.0,0.0,0.0
V114,0.0,0.0,0.0,0.0
V113,0.0,0.0,0.0,0.0
V112,0.0,0.0,0.0,0.0
V111,0.0,0.0,0.0,0.0
V110,0.0,0.0,0.0,0.0
V108,0.0,0.0,0.0,0.0
V145,0.0,0.0,0.0,0.0
V107,0.0,0.0,0.0,0.0
V106,0.0,0.0,0.0,0.0
V105,0.0,0.0,0.0,0.0
V104,0.0,0.0,0.0,0.0
V103,0.0,0.0,0.0,0.0
V102,0.0,0.0,0.0,0.0
V100,0.0,0.0,0.0,0.0
V99,0.0,0.0,0.0,0.0
V118,0.0,0.0,0.0,0.0
V119,0.0,0.0,0.0,0.0
V120,0.0,0.0,0.0,0.0
V121,0.0,0.0,0.0,0.0
V143,0.0,0.0,0.0,0.0
V142,0.0,0.0,0.0,0.0
V141,0.0,0.0,0.0,0.0
V138,0.0,0.0,0.0,0.0
V137,0.0,0.0,0.0,0.0
V136,0.0,0.0,0.0,0.0
V133,0.0,0.0,0.0,0.0
V132,0.0,0.0,0.0,0.0
V131,0.0,0.0,0.0,0.0
V130,0.0,0.0,0.0,0.0
V129,0.0,0.0,0.0,0.0
V128,0.0,0.0,0.0,0.0
V127,0.0,0.0,0.0,0.0
V126,0.0,0.0,0.0,0.0
V125,0.0,0.0,0.0,0.0
V124,0.0,0.0,0.0,0.0
V122,0.0,0.0,0.0,0.0
V164,0.0,0.0,0.0,0.0
